[
  {
    "model": "dietetic.RobotQuestionType",
    "pk": 1,
    "fields": {
      "type": "start"
    }
  },
  {
    "model": "dietetic.RobotQuestionType",
    "pk": 2,
    "fields": {
      "type": "in progress"
    }
  },
  {
    "model": "dietetic.RobotQuestionType",
    "pk": 3,
    "fields": {
      "type": "end"
    }
  },



  {
    "model": "dietetic.RobotAdviceType",
    "pk": 3,
    "fields": {
      "type": "p3"
    }
  },
  {
    "model": "dietetic.RobotAdviceType",
    "pk": 2,
    "fields": {
      "type": "challenge"
    }
  },
  {
    "model": "dietetic.RobotAdviceType",
    "pk": 1,
    "fields": {
      "type": "recette"
    }
  },



  {
    "model": "dietetic.RobotQuestion",
    "pk": 1,
    "fields": {
      "robot_question_type": "1",
      "text": "Bonjour, je me présente ''My Dietetic Challenge'' ! Mon objectif à partir d'aujourd'hui est de t'aider dans ton parcours de perte de poids en la rendant plus attrayante ! Mais avant de nous lancer dans cette FOLLE aventure, j'ai besoin d'en connaître plus sur toi ! Es-tu prêt(e) ?"
    }
  },
  {
    "model": "dietetic.RobotQuestion",
    "pk": 2,
    "fields": {
      "robot_question_type": "1",
      "text": "D'après toi, as-tu des connaissances en diététique suffisantes pour t'aider à perdre du poids ?"
    }
  },
  {
    "model": "dietetic.RobotQuestion",
    "pk": 3,
    "fields": {
      "robot_question_type": "1",
      "text": "As-tu des problèmes de santé ou des traitements particuliers ?"
    }
  },
  {
    "model": "dietetic.RobotQuestion",
    "pk": 4,
    "fields": {
      "robot_question_type": "1",
      "text": "Penses-tu à boire assez d'eau dans la journée ? On comptera les boissons chaudes également."
    }
  },
  {
    "model": "dietetic.RobotQuestion",
    "pk": 5,
    "fields": {
      "robot_question_type": "1",
      "text": "Mets-tu du sucre dans tes boissons chaudes ?"
    }
  },
  {
    "model": "dietetic.RobotQuestion",
    "pk": 6,
    "fields": {
      "robot_question_type": "1",
      "text": "Pour toi, les boissons sucrées et alcoolisées c'est ..."
    }
  },
  {
    "model": "dietetic.RobotQuestion",
    "pk": 7,
    "fields": {
      "robot_question_type": "1",
      "text": "Manges-tu souvent au restaurant ?"
    }
  },
  {
    "model": "dietetic.RobotQuestion",
    "pk": 8,
    "fields": {
      "robot_question_type": "1",
      "text": "Fais-tu une activité physique ?"
    }
  },
  {
    "model": "dietetic.RobotQuestion",
    "pk": 9,
    "fields": {
      "robot_question_type": "1",
      "text": "Te sens-tu souvent fatigué(e) ?"
    }
  },
  {
    "model": "dietetic.RobotQuestion",
    "pk": 10,
    "fields": {
      "robot_question_type": "1",
      "text": "Les légumes sont ils présents dans ton assiette midi et soir ? Attention ! Les pommes de terre, lentilles et autres légumes secs ne font pas parti de cette catégorie."
    }
  },
  {
    "model": "dietetic.RobotQuestion",
    "pk": 11,
    "fields": {
      "robot_question_type": "1",
      "text": "Manges-tu des féculents à tous les repas ? On comptera dans cette catégorie le pain, les pâtes, le riz, les légumes secs, ..."
    }
  },
  {
    "model": "dietetic.RobotQuestion",
    "pk": 12,
    "fields": {
      "robot_question_type": "1",
      "text": "As-tu faim dans la journée ?"
    }
  },
  {
    "model": "dietetic.RobotQuestion",
    "pk": 13,
    "fields": {
      "robot_question_type": "1",
      "text": "Grignotes-tu après les repas ?"
    }
  },
  {
    "model": "dietetic.RobotQuestion",
    "pk": 14,
    "fields": {
      "robot_question_type": "1",
      "text": "As-tu parfois des envies d'aliments sucrés ?"
    }
  },
  {
    "model": "dietetic.RobotQuestion",
    "pk": 15,
    "fields": {
      "robot_question_type": "1",
      "text": "Ca y est ! Nous sommes arrivé au bout du questionnaire. J'ai bien pris note de tes réponses. Voilà comment va se passer la suite… Ton parcours débute dès aujourd'hui. Pour cela, il te faudra te peser 1 fois par semaine, pas plus ! Chaque jour de pesée, tu me retrouve ici pour m'informer de tes résultats. De mon coté, je te prépare un nouveau challenge ou un conseil à appliquer rigoureusement chaque semaine ! Alors c'est parti ! Pour débuter ta semaine, il te faut juste cliquer sur la carte à coté... à la semaine prochaine !!!"
    }
  },
  {
    "model": "dietetic.RobotQuestion",
    "pk": 16,
    "fields": {
      "robot_question_type": "2",
      "text": "Actuellement, tu éprouves le besoin de ...(plusieurs réponses possibles) :"
    }
  },
  {
    "model": "dietetic.RobotQuestion",
    "pk": 17,
    "fields": {
      "robot_question_type": "3",
      "text": "Félicitation ! Tu as atteint ton objectif ! Il faut fêter tout ça !!! Bon par contre... j'imagine que tu tiens à rester sur ce poids maintenant ?"
    }
  },
  {
    "model": "dietetic.RobotQuestion",
    "pk": 18,
    "fields": {
      "robot_question_type": "3",
      "text": "Félicitation ! Tu as atteint ton premier objectif ! Souhaites-tu renouveller un nouvel objectif ?"
    }
  },



  {
    "model": "dietetic.UserAnswer",
    "pk": 1,
    "fields": {
      "text": "oui"
    }
  },
  {
    "model": "dietetic.UserAnswer",
    "pk": 2,
    "fields": {
      "text": "non"
    }
  },
  {
    "model": "dietetic.UserAnswer",
    "pk": 3,
    "fields": {
      "text": "j'hésite encore ..."
    }
  },
  {
    "model": "dietetic.UserAnswer",
    "pk": 4,
    "fields": {
      "text": "je bois moins d'1L5 par jour car je n'aime pas ça"
    }
  },
  {
    "model": "dietetic.UserAnswer",
    "pk": 5,
    "fields": {
      "text": "je bois moins d'1L5 par jour car je n'ai pas soif"
    }
  },
  {
    "model": "dietetic.UserAnswer",
    "pk": 6,
    "fields": {
      "text": "je bois moins d'1L5 par jour car je n'y pense jamais"
    }
  },
  {
    "model": "dietetic.UserAnswer",
    "pk": 7,
    "fields": {
      "text": "je les bois facilement"
    }
  },
  {
    "model": "dietetic.UserAnswer",
    "pk": 8,
    "fields": {
      "text": "oui, tous les jours"
    }
  },
  {
    "model": "dietetic.UserAnswer",
    "pk": 9,
    "fields": {
      "text": "de temps en temps, pour les évènements"
    }
  },
  {
    "model": "dietetic.UserAnswer",
    "pk": 10,
    "fields": {
      "text": "jamais"
    }
  },
  {
    "model": "dietetic.UserAnswer",
    "pk": 11,
    "fields": {
      "text": "non, pas du tout… Je n'aime pas ça !"
    }
  },
  {
    "model": "dietetic.UserAnswer",
    "pk": 12,
    "fields": {
      "text": "oui, je marche ou fais du sport plus intense 30 minutes ou plus par jour"
    }
  },
  {
    "model": "dietetic.UserAnswer",
    "pk": 13,
    "fields": {
      "text": "j'aimerais mettre en place une activité mais je ne trouve pas le temps pour en faire …"
    }
  },
  {
    "model": "dietetic.UserAnswer",
    "pk": 14,
    "fields": {
      "text": "je n'ai pas encore pris le temps d'y réfléchir …"
    }
  },
  {
    "model": "dietetic.UserAnswer",
    "pk": 15,
    "fields": {
      "text": "je fais du sport le week-end ou quelques jours dans la semaine"
    }
  },
  {
    "model": "dietetic.UserAnswer",
    "pk": 16,
    "fields": {
      "text": "oui, occasionnellement"
    }
  },
  {
    "model": "dietetic.UserAnswer",
    "pk": 17,
    "fields": {
      "text": "oui car je ne dore pas assez"
    }
  },
  {
    "model": "dietetic.UserAnswer",
    "pk": 18,
    "fields": {
      "text": "oui, pippourtant je dore 7h minimum par nuit"
    }
  },
  {
    "model": "dietetic.UserAnswer",
    "pk": 19,
    "fields": {
      "text": "non, tout va très bien !"
    }
  },
  {
    "model": "dietetic.UserAnswer",
    "pk": 20,
    "fields": {
      "text": "oui, mais cela vient du fait que je ne mange pas assez sur les repas"
    }
  },
  {
    "model": "dietetic.UserAnswer",
    "pk": 21,
    "fields": {
      "text": "oui, mais je ne sais pas vraiment pourquoi"
    }
  },
  {
    "model": "dietetic.UserAnswer",
    "pk": 22,
    "fields": {
      "text": "non, je n'ai pas ce problème"
    }
  },
  {
    "model": "dietetic.UserAnswer",
    "pk": 23,
    "fields": {
      "text": "varier tes repas"
    }
  },
  {
    "model": "dietetic.UserAnswer",
    "pk": 24,
    "fields": {
      "text": "manger plus en quantité : tu as faim"
    }
  },
  {
    "model": "dietetic.UserAnswer",
    "pk": 25,
    "fields": {
      "text": "manger des plats en sauce"
    }
  },
  {
    "model": "dietetic.UserAnswer",
    "pk": 26,
    "fields": {
      "text": "ne plus faire attention au contenu de ton assiette"
    }
  },
  {
    "model": "dietetic.UserAnswer",
    "pk": 27,
    "fields": {
      "text": "manger des aliments sucrés"
    }
  },
  {
    "model": "dietetic.UserAnswer",
    "pk": 28,
    "fields": {
      "text": "sculpter ta silhouette"
    }
  },
  {
    "model": "dietetic.UserAnswer",
    "pk": 29,
    "fields": {
      "text": "te remotiver"
    }
  },
  {
    "model": "dietetic.UserAnswer",
    "pk": 30,
    "fields": {
      "text": "tout va très bien... rien à signaler !"
    }
  },
  {
    "model": "dietetic.UserAnswer",
    "pk": 31,
    "fields": {
      "text": "je pense qu'il me manque quelques notions"
    }
  },
  {
    "model": "dietetic.UserAnswer",
    "pk": 32,
    "fields": {
      "text": "au minimum une fois par jour"
    }
  },
  {
    "model": "dietetic.UserAnswer",
    "pk": 33,
    "fields": {
      "text": "1 à 2 fois par semaine"
    }
  },
  {
    "model": "dietetic.UserAnswer",
    "pk": 34,
    "fields": {
      "text": "occasionnellement"
    }
  },
  {
    "model": "dietetic.UserAnswer",
    "pk": 35,
    "fields": {
      "text": "parfois"
    }
  },
  {
    "model": "dietetic.UserAnswer",
    "pk": 36,
    "fields": {
      "text": "je n'en bois pas"
    }
  },
  {
    "model": "dietetic.UserAnswer",
    "pk": 37,
    "fields": {
      "text": ""
    }
  },
  {
    "model": "dietetic.UserAnswer",
    "pk": 38,
    "fields": {
      "text": "non, c'était juste pour passer de bonnes vacances"
    }
  },
  {
    "model": "dietetic.UserAnswer",
    "pk": 39,
    "fields": {
      "text": "je prévois d'y mettre en place"
    }
  },


  {
    "model": "dietetic.DiscussionSpace",
    "pk": 1,
    "fields": {
      "robot_question": "1",
      "user_answer": "1",
      "robot_answer": "Alors c'est parti ! Voici mes questions …",
      "robot_advices": "1"
    }
  },
  {
    "model": "dietetic.DiscussionSpace",
    "pk": 2,
    "fields": {
      "robot_question": "1",
      "user_answer": "2",
      "robot_answer": "Dommage… une autre fois peut-être !",
      "robot_advices": ""
    }
  },
  {
    "model": "dietetic.DiscussionSpace",
    "pk": 3,
    "fields": {
      "robot_question": "1",
      "user_answer": "3",
      "robot_answer": "Très bien ! Je reste à ta disposition et me tiens prêt lorsque ta motivation sera au plus haut.",
      "robot_advices": ""
    }
  },
  {
    "model": "dietetic.DiscussionSpace",
    "pk": 4,
    "fields": {
      "robot_question": "2",
      "user_answer": "1",
      "robot_answer": "",
      "robot_advices": ""
    }
  },
  {
    "model": "dietetic.DiscussionSpace",
    "pk": 5,
    "fields": {
      "robot_question": "2",
      "user_answer": "2",
      "robot_answer": "Très bien, je prends note de cette information. Pour t'aider, tu trouveras un onglet dans le menu pour t'orienter dans la mise en place de ton programme alimentaire.",
      "robot_advices": ""
    }
  },
  {
    "model": "dietetic.DiscussionSpace",
    "pk": 6,
    "fields": {
      "robot_question": "2",
      "user_answer": "31",
      "robot_answer": "Très bien, je prends note de cette information. Pour t'aider, tu trouveras un onglet dans le menu pour t'orienter dans la mise en place de ton programme alimentaire.",
      "robot_advices": ""
    }
  },
  {
    "model": "dietetic.DiscussionSpace",
    "pk": 7,
    "fields": {
      "robot_question": "3",
      "user_answer": "1",
      "robot_answer": "Certains problèmes de santé ou traitements peuvent influer sur le poids… c'est bon à savoir. Si les résultats ne sont pas au rendez-vous, il peut être bon de faire un point avec ton médecin…",
      "robot_advices": ""
    }
  },
  {
    "model": "dietetic.DiscussionSpace",
    "pk": 8,
    "fields": {
      "robot_question": "3",
      "user_answer": "2",
      "robot_answer": "",
      "robot_advices": ""
    }
  },



  {
    "model": "dietetic.RobotAdvices",
    "pk": 1,
    "fields": {
      "robot_advice_type": "3",
      "text": "J'analyse : La deuxième semaine est une semaine particulière … Et oui, je constate régulièrement que la perte de poids est rarement au rendez-vous, alors que la première semaine sera sans doute la plus importante du suivi. Ne te décourages pas ! Elle repartira de plus belle sur la troisième semaine et les suivantes... L'analyse de ton poids est importante durant le suivi puisqu'elle va te permettre de relativiser certaines semaines où tes résultats ne sont pas ou peu visibles. Voici donc mon conseil  :  1- Equipes-toi d'un carnet de suivi  2- Notes les conseils et challenges que je te propose chaque semaine  3- Inscrits tes résultats et ajoutes-y quelques commentaires en face. J'entends par ''commentaires'', toutes informations susceptibles de perturber ta perte de poids (alimentation riche, traitement antiinflammatoire ou autres, maladie, constipation, grosse perte de poids la semaine précédente, fatigue,  ...). Comment voir si tu as une bonne perte de poids ? Tu trouveras dans l'onglet ''Résultats'' une analyse de ton suivi."
    }
  }
]
